cod;classificacao ;grupo;abertura bcb;alimentos;servicos;servicos_rti;industriais;tradables;nucleo ex0;nucleo ex1;nucleo ex2;nucleo ex3
7169;Geral;Geral;;;;;;;;;;
7170;Grupo;Alimentação e bebidas;;;;;;;;;;
7171;Subgrupo;Alimentação e bebidas;Alimentos;;;;;;;;;
7172;Item;Alimentação e bebidas;Alimentos;Alimentos semi-elaborados;;;;;;;;
7173;Subitem;Alimentação e bebidas;Alimentos;Alimentos semi-elaborados;;;;Comercializáveis;;;;
7175;Subitem;Alimentação e bebidas;Alimentos;Alimentos semi-elaborados;;;;Não comercializáveis;;;;
7176;Subitem;Alimentação e bebidas;Alimentos;Alimentos semi-elaborados;;;;Não comercializáveis;;;;
47617;Subitem;Alimentação e bebidas;Alimentos;Alimentos semi-elaborados;;;;Não comercializáveis;;;;
12222;Subitem;Alimentação e bebidas;Alimentos;Alimentos semi-elaborados;;;;Não comercializáveis;;;;
47618;Subitem;Alimentação e bebidas;Alimentos;Alimentos semi-elaborados;;;;Comercializáveis;;;;
7184;Item;Alimentação e bebidas;Alimentos;Alimentos industrializados;;;;;;EX1;;
7185;Subitem;Alimentação e bebidas;Alimentos;Alimentos industrializados;;;;Comercializáveis;;EX1;;
7187;Subitem;Alimentação e bebidas;Alimentos;Alimentos industrializados;;;;Comercializáveis;;EX1;;
7188;Subitem;Alimentação e bebidas;Alimentos;Alimentos industrializados;;;;Comercializáveis;;EX1;;
7190;Subitem;Alimentação e bebidas;Alimentos;Alimentos industrializados;;;;Não comercializáveis;;EX1;;
7191;Subitem;Alimentação e bebidas;Alimentos;Alimentos industrializados;;;;Comercializáveis;;EX1;;
7195;Subitem;Alimentação e bebidas;Alimentos;Alimentos industrializados;;;;Não comercializáveis;;EX1;;
107608;Subitem;Alimentação e bebidas;Alimentos;Alimentos industrializados;;;;Comercializáveis;;EX1;;
47619;Subitem;Alimentação e bebidas;Alimentos;Alimentos industrializados;;;;Comercializáveis;;EX1;;
7200;Item;Alimentação e bebidas;Alimentos;Alimentos in natura;;;;Não comercializáveis;;;;
7201;Subitem;Alimentação e bebidas;Alimentos;Alimentos in natura;;;;Não comercializáveis;;;;
7202;Subitem;Alimentação e bebidas;Alimentos;Alimentos in natura;;;;Não comercializáveis;;;;
7203;Subitem;Alimentação e bebidas;Alimentos;Alimentos in natura;;;;Não comercializáveis;;;;
7204;Subitem;Alimentação e bebidas;Alimentos;Alimentos in natura;;;;Não comercializáveis;;;;
7206;Subitem;Alimentação e bebidas;Alimentos;Alimentos in natura;;;;Não comercializáveis;;;;
7209;Subitem;Alimentação e bebidas;Alimentos;Alimentos in natura;;;;Não comercializáveis;;;;
7210;Subitem;Alimentação e bebidas;Alimentos;Alimentos in natura;;;;Não comercializáveis;;;;
7212;Subitem;Alimentação e bebidas;Alimentos;Alimentos in natura;;;;Não comercializáveis;;;;
7215;Subitem;Alimentação e bebidas;Alimentos;Alimentos in natura;;;;Não comercializáveis;;;;
7216;Subitem;Alimentação e bebidas;Alimentos;Alimentos in natura;;;;Não comercializáveis;;;;
7219;Item;Alimentação e bebidas;Alimentos;Alimentos industrializados;;;;Comercializáveis;;;;
7220;Subitem;Alimentação e bebidas;Alimentos;Alimentos industrializados;;;;Comercializáveis;;;;
7221;Subitem;Alimentação e bebidas;Alimentos;Alimentos industrializados;;;;Comercializáveis;;;;
12224;Subitem;Alimentação e bebidas;Alimentos;Alimentos industrializados;;;;Comercializáveis;;;;
107609;Subitem;Alimentação e bebidas;Alimentos;Alimentos industrializados;;;;Comercializáveis;;;;
7230;Subitem;Alimentação e bebidas;Alimentos;Alimentos industrializados;;;;Comercializáveis;;;;
107611;Subitem;Alimentação e bebidas;Alimentos;Alimentos industrializados;;;;Comercializáveis;;;;
7233;Subitem;Alimentação e bebidas;Alimentos;Alimentos industrializados;;;;Comercializáveis;;;;
47620;Subitem;Alimentação e bebidas;Alimentos;Alimentos industrializados;;;;Comercializáveis;;;;
7241;Item;Alimentação e bebidas;Alimentos;Alimentos in natura;;;;Não comercializáveis;;;;
7242;Subitem;Alimentação e bebidas;Alimentos;Alimentos in natura;;;;Não comercializáveis;;;;
7244;Subitem;Alimentação e bebidas;Alimentos;Alimentos in natura;;;;Não comercializáveis;;;;
7245;Subitem;Alimentação e bebidas;Alimentos;Alimentos in natura;;;;Não comercializáveis;;;;
7246;Subitem;Alimentação e bebidas;Alimentos;Alimentos in natura;;;;Não comercializáveis;;;;
7248;Subitem;Alimentação e bebidas;Alimentos;Alimentos in natura;;;;Não comercializáveis;;;;
7249;Subitem;Alimentação e bebidas;Alimentos;Alimentos in natura;;;;Não comercializáveis;;;;
7253;Subitem;Alimentação e bebidas;Alimentos;Alimentos in natura;;;;Não comercializáveis;;;;
7254;Item;Alimentação e bebidas;Alimentos;Alimentos in natura;;;;Comercializáveis;;;;
7255;Subitem;Alimentação e bebidas;Alimentos;Alimentos in natura;;;;Comercializáveis;;;;
7256;Subitem;Alimentação e bebidas;Alimentos;Alimentos in natura;;;;Comercializáveis;;;;
7257;Subitem;Alimentação e bebidas;Alimentos;Alimentos in natura;;;;Comercializáveis;;;;
7258;Subitem;Alimentação e bebidas;Alimentos;Alimentos in natura;;;;Comercializáveis;;;;
7259;Subitem;Alimentação e bebidas;Alimentos;Alimentos in natura;;;;Comercializáveis;;;;
7260;Subitem;Alimentação e bebidas;Alimentos;Alimentos in natura;;;;Comercializáveis;;;;
7262;Subitem;Alimentação e bebidas;Alimentos;Alimentos in natura;;;;Comercializáveis;;;;
7263;Subitem;Alimentação e bebidas;Alimentos;Alimentos in natura;;;;Comercializáveis;;;;
7265;Subitem;Alimentação e bebidas;Alimentos;Alimentos in natura;;;;Comercializáveis;;;;
7266;Subitem;Alimentação e bebidas;Alimentos;Alimentos in natura;;;;Comercializáveis;;;;
7267;Subitem;Alimentação e bebidas;Alimentos;Alimentos in natura;;;;Comercializáveis;;;;
7268;Subitem;Alimentação e bebidas;Alimentos;Alimentos in natura;;;;Comercializáveis;;;;
7269;Subitem;Alimentação e bebidas;Alimentos;Alimentos in natura;;;;Comercializáveis;;;;
7270;Subitem;Alimentação e bebidas;Alimentos;Alimentos in natura;;;;Comercializáveis;;;;
7271;Subitem;Alimentação e bebidas;Alimentos;Alimentos in natura;;;;Comercializáveis;;;;
7272;Subitem;Alimentação e bebidas;Alimentos;Alimentos in natura;;;;Comercializáveis;;;;
7275;Subitem;Alimentação e bebidas;Alimentos;Alimentos in natura;;;;Comercializáveis;;;;
7276;Subitem;Alimentação e bebidas;Alimentos;Alimentos in natura;;;;Comercializáveis;;;;
7279;Subitem;Alimentação e bebidas;Alimentos;Alimentos in natura;;;;Comercializáveis;;;;
7280;Subitem;Alimentação e bebidas;Alimentos;Alimentos in natura;;;;Comercializáveis;;;;
7281;Subitem;Alimentação e bebidas;Alimentos;Alimentos in natura;;;;Comercializáveis;;;;
7283;Item;Alimentação e bebidas;Alimentos;Alimentos semi-elaborados;;;;Comercializáveis;;;;
7285;Subitem;Alimentação e bebidas;Alimentos;Alimentos semi-elaborados;;;;Comercializáveis;;;;
7287;Subitem;Alimentação e bebidas;Alimentos;Alimentos semi-elaborados;;;;Comercializáveis;;;;
7288;Subitem;Alimentação e bebidas;Alimentos;Alimentos semi-elaborados;;;;Comercializáveis;;;;
7290;Subitem;Alimentação e bebidas;Alimentos;Alimentos semi-elaborados;;;;Comercializáveis;;;;
7291;Subitem;Alimentação e bebidas;Alimentos;Alimentos semi-elaborados;;;;Comercializáveis;;;;
7292;Subitem;Alimentação e bebidas;Alimentos;Alimentos semi-elaborados;;;;Comercializáveis;;;;
7293;Subitem;Alimentação e bebidas;Alimentos;Alimentos semi-elaborados;;;;Comercializáveis;;;;
7294;Subitem;Alimentação e bebidas;Alimentos;Alimentos semi-elaborados;;;;Comercializáveis;;;;
7295;Subitem;Alimentação e bebidas;Alimentos;Alimentos semi-elaborados;;;;Comercializáveis;;;;
7296;Subitem;Alimentação e bebidas;Alimentos;Alimentos semi-elaborados;;;;Comercializáveis;;;;
12294;Subitem;Alimentação e bebidas;Alimentos;Alimentos semi-elaborados;;;;Comercializáveis;;;;
7298;Subitem;Alimentação e bebidas;Alimentos;Alimentos semi-elaborados;;;;Comercializáveis;;;;
7299;Subitem;Alimentação e bebidas;Alimentos;Alimentos semi-elaborados;;;;Comercializáveis;;;;
7300;Subitem;Alimentação e bebidas;Alimentos;Alimentos semi-elaborados;;;;Comercializáveis;;;;
7301;Subitem;Alimentação e bebidas;Alimentos;Alimentos semi-elaborados;;;;Comercializáveis;;;;
101448;Subitem;Alimentação e bebidas;Alimentos;Alimentos semi-elaborados;;;;Comercializáveis;;;;
7302;Subitem;Alimentação e bebidas;Alimentos;Alimentos semi-elaborados;;;;Comercializáveis;;;;
47621;Subitem;Alimentação e bebidas;Alimentos;Alimentos semi-elaborados;;;;Comercializáveis;;;;
7303;Item;Alimentação e bebidas;Alimentos;Alimentos semi-elaborados;;;;;;;;
7305;Subitem;Alimentação e bebidas;Alimentos;Alimentos semi-elaborados;;;;Não comercializáveis;;;;
7306;Subitem;Alimentação e bebidas;Alimentos;Alimentos semi-elaborados;;;;Não comercializáveis;;;;
7309;Subitem;Alimentação e bebidas;Alimentos;Alimentos semi-elaborados;;;;Não comercializáveis;;;;
7310;Subitem;Alimentação e bebidas;Alimentos;Alimentos semi-elaborados;;;;Não comercializáveis;;;;
7311;Subitem;Alimentação e bebidas;Alimentos;Alimentos semi-elaborados;;;;Não comercializáveis;;;;
7313;Subitem;Alimentação e bebidas;Alimentos;Alimentos semi-elaborados;;;;Não comercializáveis;;;;
107615;Subitem;Alimentação e bebidas;Alimentos;Alimentos semi-elaborados;;;;Não comercializáveis;;;;
107616;Subitem;Alimentação e bebidas;Alimentos;Alimentos semi-elaborados;;;;Não comercializáveis;;;;
7317;Subitem;Alimentação e bebidas;Alimentos;Alimentos semi-elaborados;;;;Não comercializáveis;;;;
7320;Subitem;Alimentação e bebidas;Alimentos;Alimentos semi-elaborados;;;;Não comercializáveis;;;;
7323;Subitem;Alimentação e bebidas;Alimentos;Alimentos semi-elaborados;;;;Não comercializáveis;;;;
12300;Subitem;Alimentação e bebidas;Alimentos;Alimentos semi-elaborados;;;;Não comercializáveis;;;;
12301;Subitem;Alimentação e bebidas;Alimentos;Alimentos semi-elaborados;;;;Não comercializáveis;;;;
101466;Subitem;Alimentação e bebidas;Alimentos;Alimentos semi-elaborados;;;;Não comercializáveis;;;;
12431;Subitem;Alimentação e bebidas;Alimentos;Alimentos semi-elaborados;;;;Comercializáveis;;;;
12302;Subitem;Alimentação e bebidas;Alimentos;Alimentos semi-elaborados;;;;Não comercializáveis;;;;
41129;Subitem;Alimentação e bebidas;Alimentos;Alimentos semi-elaborados;;;;Não comercializáveis;;;;
7333;Subitem;Alimentação e bebidas;Alimentos;Alimentos semi-elaborados;;;;Não comercializáveis;;;;
47623;Subitem;Alimentação e bebidas;Alimentos;Alimentos semi-elaborados;;;;Não comercializáveis;;;;
8874;Subitem;Alimentação e bebidas;Alimentos;Alimentos semi-elaborados;;;;Não comercializáveis;;;;
31694;Subitem;Alimentação e bebidas;Alimentos;Alimentos semi-elaborados;;;;Não comercializáveis;;;;
47624;Subitem;Alimentação e bebidas;Alimentos;Alimentos semi-elaborados;;;;Não comercializáveis;;;;
7335;Item;Alimentação e bebidas;Alimentos;Alimentos industrializados;;;;Comercializáveis;;EX1;EX2;
7336;Subitem;Alimentação e bebidas;Alimentos;Alimentos industrializados;;;;Comercializáveis;;EX1;EX2;
12304;Subitem;Alimentação e bebidas;Alimentos;Alimentos industrializados;;;;Comercializáveis;;EX1;EX2;
7339;Subitem;Alimentação e bebidas;Alimentos;Alimentos industrializados;;;;Comercializáveis;;EX1;EX2;
7341;Subitem;Alimentação e bebidas;Alimentos;Alimentos industrializados;;;;Comercializáveis;;EX1;EX2;
12305;Subitem;Alimentação e bebidas;Alimentos;Alimentos industrializados;;;;Comercializáveis;;EX1;EX2;
7343;Subitem;Alimentação e bebidas;Alimentos;Alimentos industrializados;;;;Comercializáveis;;EX1;EX2;
12379;Subitem;Alimentação e bebidas;Alimentos;Alimentos industrializados;;;;Comercializáveis;;EX1;EX2;
7347;Subitem;Alimentação e bebidas;Alimentos;Alimentos industrializados;;;;Comercializáveis;;EX1;EX2;
7349;Item;Alimentação e bebidas;Alimentos;;;;;Comercializáveis;;;;
107617;Subitem;Alimentação e bebidas;Alimentos;Alimentos semi-elaborados;;;;Comercializáveis;;;;
107618;Subitem;Alimentação e bebidas;Alimentos;Alimentos semi-elaborados;;;;Comercializáveis;;;;
7355;Subitem;Alimentação e bebidas;Alimentos;Alimentos in natura;;;;Comercializáveis;;;;
7356;Item;Alimentação e bebidas;Alimentos;;;;;;;;;
12393;Subitem;Alimentação e bebidas;Alimentos;Alimentos semi-elaborados;;;;Não comercializáveis;;;;
7358;Subitem;Alimentação e bebidas;Alimentos;Alimentos industrializados;;;;Não comercializáveis;;;;
7359;Subitem;Alimentação e bebidas;Alimentos;Alimentos industrializados;;;;Comercializáveis;;;;
107619;Subitem;Alimentação e bebidas;Alimentos;Alimentos industrializados;;;;Não comercializáveis;;;;
12394;Subitem;Alimentação e bebidas;Alimentos;Alimentos industrializados;;;;Não comercializáveis;;;;
47627;Subitem;Alimentação e bebidas;Alimentos;Alimentos industrializados;;;;Não comercializáveis;;;;
7367;Subitem;Alimentação e bebidas;Alimentos;Alimentos industrializados;;;;Não comercializáveis;;;;
7368;Subitem;Alimentação e bebidas;Alimentos;Alimentos industrializados;;;;Não comercializáveis;;;;
7372;Item;Alimentação e bebidas;Alimentos;Alimentos industrializados;;;;;;EX1;EX2;
7373;Subitem;Alimentação e bebidas;Alimentos;Alimentos industrializados;;;;Comercializáveis;;EX1;EX2;
7375;Subitem;Alimentação e bebidas;Alimentos;Alimentos industrializados;;;;Não comercializáveis;;EX1;EX2;
7376;Subitem;Alimentação e bebidas;Alimentos;Alimentos industrializados;;;;Não comercializáveis;;EX1;EX2;
7377;Subitem;Alimentação e bebidas;Alimentos;Alimentos industrializados;;;;Comercializáveis;;EX1;EX2;
7378;Subitem;Alimentação e bebidas;Alimentos;Alimentos industrializados;;;;Não comercializáveis;;EX1;EX2;
7380;Subitem;Alimentação e bebidas;Alimentos;Alimentos industrializados;;;;Comercializáveis;;EX1;EX2;
7384;Item;Alimentação e bebidas;Alimentos;Alimentos industrializados;;;;Comercializáveis;;;;
7385;Subitem;Alimentação e bebidas;Alimentos;Alimentos industrializados;;;;Comercializáveis;;;;
7386;Subitem;Alimentação e bebidas;Alimentos;Alimentos industrializados;;;;Comercializáveis;;;;
12395;Subitem;Alimentação e bebidas;Alimentos;Alimentos industrializados;;;;Comercializáveis;;;;
7389;Item;Alimentação e bebidas;Alimentos;Alimentos industrializados;;;;Comercializáveis;;EX1;EX2;
7390;Subitem;Alimentação e bebidas;Alimentos;Alimentos industrializados;;;;Comercializáveis;;EX1;EX2;
47628;Subitem;Alimentação e bebidas;Alimentos;Alimentos industrializados;;;;Comercializáveis;;EX1;EX2;
12396;Subitem;Alimentação e bebidas;Alimentos;Alimentos industrializados;;;;Comercializáveis;;EX1;EX2;
7392;Subitem;Alimentação e bebidas;Alimentos;Alimentos industrializados;;;;Comercializáveis;;EX1;EX2;
7393;Subitem;Alimentação e bebidas;Alimentos;Alimentos industrializados;;;;Comercializáveis;;EX1;EX2;
107621;Subitem;Alimentação e bebidas;Alimentos;Alimentos industrializados;;;;Comercializáveis;;EX1;EX2;
7396;Subitem;Alimentação e bebidas;Alimentos;Alimentos industrializados;;;;Comercializáveis;;EX1;EX2;
7397;Subitem;Alimentação e bebidas;Alimentos;Alimentos industrializados;;;;Comercializáveis;;EX1;EX2;
7399;Subitem;Alimentação e bebidas;Alimentos;Alimentos industrializados;;;;Comercializáveis;;EX1;EX2;
47630;Subitem;Alimentação e bebidas;Alimentos;Alimentos industrializados;;;;Comercializáveis;;EX1;EX2;
47631;Subitem;Alimentação e bebidas;Alimentos;Alimentos industrializados;;;;Comercializáveis;;EX1;EX2;
7401;Item;Alimentação e bebidas;Alimentos;Alimentos industrializados;;;;Comercializáveis;;EX1;EX2;
107702;Subitem;Alimentação e bebidas;Alimentos;Alimentos industrializados;;;;Comercializáveis;;EX1;EX2;
7406;Subitem;Alimentação e bebidas;Alimentos;Alimentos industrializados;;;;Comercializáveis;;EX1;EX2;
7407;Subitem;Alimentação e bebidas;Alimentos;Alimentos industrializados;;;;Comercializáveis;;EX1;EX2;
107624;Subitem;Alimentação e bebidas;Alimentos;Alimentos industrializados;;;;Comercializáveis;;EX1;EX2;
107625;Subitem;Alimentação e bebidas;Alimentos;Alimentos industrializados;;;;Comercializáveis;;EX1;EX2;
7411;Subitem;Alimentação e bebidas;Alimentos;Alimentos industrializados;;;;Comercializáveis;;EX1;EX2;
7412;Subitem;Alimentação e bebidas;Alimentos;Alimentos industrializados;;;;Comercializáveis;;EX1;EX2;
107628;Subitem;Alimentação e bebidas;Alimentos;Alimentos industrializados;;;;Comercializáveis;;EX1;EX2;
107630;Subitem;Alimentação e bebidas;Alimentos;Alimentos industrializados;;;;Comercializáveis;;EX1;EX2;
7415;Item;Alimentação e bebidas;Alimentos;Alimentos industrializados;;;;Comercializáveis;;EX1;;
7416;Subitem;Alimentação e bebidas;Alimentos;Alimentos industrializados;;;;Comercializáveis;;EX1;;
109463;Subitem;Alimentação e bebidas;Alimentos;Alimentos industrializados;;;;Comercializáveis;;EX1;;
7418;Subitem;Alimentação e bebidas;Alimentos;Alimentos industrializados;;;;Comercializáveis;;EX1;;
12397;Subitem;Alimentação e bebidas;Alimentos;Alimentos industrializados;;;;Comercializáveis;;EX1;;
7420;Subitem;Alimentação e bebidas;Alimentos;Alimentos industrializados;;;;Comercializáveis;;EX1;;
7421;Subitem;Alimentação e bebidas;Alimentos;Alimentos industrializados;;;;Comercializáveis;;EX1;;
7422;Subitem;Alimentação e bebidas;Alimentos;Alimentos industrializados;;;;Comercializáveis;;EX1;;
7423;Subitem;Alimentação e bebidas;Alimentos;Alimentos industrializados;;;;Comercializáveis;;EX1;;
7424;Subitem;Alimentação e bebidas;Alimentos;Alimentos industrializados;;;;Comercializáveis;;EX1;;
7425;Subitem;Alimentação e bebidas;Alimentos;Alimentos industrializados;;;;Comercializáveis;;EX1;;
7428;Subitem;Alimentação e bebidas;Alimentos;Alimentos industrializados;;;;Comercializáveis;;EX1;;
7432;Subgrupo;Alimentação e bebidas;Serviços;;Subjacente;A. Fora e Pass. Aéreas;;Não comercializáveis;;;;
7433;Item;Alimentação e bebidas;Serviços;;Subjacente;A. Fora e Pass. Aéreas;;Não comercializáveis;;EX1;EX2;EX3
7434;Subitem;Alimentação e bebidas;Serviços;;Subjacente;Serviços diversos;;Não comercializáveis;EX0;EX1;EX2;EX3
7435;Subitem;Alimentação e bebidas;Serviços;;Subjacente;Serviços diversos;;Não comercializáveis;EX0;EX1;EX2;EX3
107633;Subitem;Alimentação e bebidas;Serviços;;Subjacente;Serviços diversos;;Não comercializáveis;EX0;EX1;EX2;EX3
7438;Subitem;Alimentação e bebidas;Serviços;;Subjacente;Serviços diversos;;Não comercializáveis;EX0;EX1;EX2;EX3
7440;Subitem;Alimentação e bebidas;Serviços;;Subjacente;Serviços diversos;;Não comercializáveis;EX0;EX1;EX2;EX3
7443;Subitem;Alimentação e bebidas;Serviços;;Subjacente;Serviços diversos;;Não comercializáveis;EX0;EX1;EX2;EX3
47632;Subitem;Alimentação e bebidas;Serviços;;Subjacente;Serviços diversos;;Não comercializáveis;EX0;EX1;EX2;EX3
7444;Subitem;Alimentação e bebidas;Serviços;;Subjacente;Serviços diversos;;Não comercializáveis;EX0;EX1;EX2;EX3
47633;Subitem;Alimentação e bebidas;Serviços;;Subjacente;Serviços diversos;;Não comercializáveis;EX0;EX1;EX2;EX3
7445;Grupo;Habitação;;;;;;;;;;
7446;Subgrupo;Habitação;;;;;;;;;;
7447;Item;Habitação;;;;;;;;EX1;;
7448;Subitem;Habitação;Serviços;;Subjacente;Serviços diversos;;Não comercializáveis;EX0;EX1;EX2;EX3
7449;Subitem;Habitação;Serviços;;Subjacente;Serviços diversos;;Não comercializáveis;EX0;EX1;EX2;EX3
7451;Subitem;Habitação;Monitorados;;;;;Comercializáveis;;EX1;;
7453;Subitem;Habitação;Serviços;;Subjacente;Serviços diversos;;Não comercializáveis;EX0;EX1;EX2;EX3
7454;Item;Habitação;Bens industriais;;;;Não duráveis;Comercializáveis;;EX1;;
7455;Subitem;Habitação;Bens industriais;;;;Não duráveis;Comercializáveis;EX0;EX1;EX2;EX3
7456;Subitem;Habitação;Bens industriais;;;;Não duráveis;Comercializáveis;EX0;EX1;EX2;EX3
12433;Subitem;Habitação;Bens industriais;;;;Não duráveis;Comercializáveis;EX0;EX1;EX2;EX3
7459;Subitem;Habitação;Bens industriais;;;;Não duráveis;Comercializáveis;EX0;EX1;EX2;EX3
12398;Subitem;Habitação;Bens industriais;;;;Não duráveis;Comercializáveis;EX0;EX1;EX2;EX3
47634;Subitem;Habitação;Bens industriais;;;;Não duráveis;Comercializáveis;EX0;EX1;EX2;EX3
107638;Subitem;Habitação;Bens industriais;;;;Não duráveis;Não comercializáveis;EX0;EX1;EX2;EX3
107639;Subitem;Habitação;Bens industriais;;;;Não duráveis;Não comercializáveis;EX0;EX1;EX2;EX3
107640;Subitem;Habitação;Bens industriais;;;;Não duráveis;Comercializáveis;EX0;EX1;EX2;EX3
107641;Subitem;Habitação;Serviços;;Ex-Subjacente;Intensivos em trabalho;;Não comercializáveis;EX0;EX1;;
107642;Subitem;Habitação;Bens industriais;;;;Não duráveis;Comercializáveis;EX0;EX1;EX2;EX3
107643;Subitem;Habitação;Bens industriais;;;;Não duráveis;Comercializáveis;EX0;EX1;EX2;EX3
12399;Subitem;Habitação;Bens industriais;;;;Não duráveis;Comercializáveis;EX0;EX1;EX2;EX3
7461;Item;Habitação;Bens industriais;;;;Não duráveis;Comercializáveis;;EX1;EX2;EX3
7463;Subitem;Habitação;Bens industriais;;;;Não duráveis;Comercializáveis;EX0;EX1;EX2;EX3
7464;Subitem;Habitação;Bens industriais;;;;Não duráveis;Comercializáveis;EX0;EX1;EX2;EX3
7465;Subitem;Habitação;Bens industriais;;;;Não duráveis;Comercializáveis;EX0;EX1;EX2;EX3
7466;Subitem;Habitação;Bens industriais;;;;Não duráveis;Comercializáveis;EX0;EX1;EX2;EX3
7467;Subitem;Habitação;Bens industriais;;;;Não duráveis;Comercializáveis;EX0;EX1;EX2;EX3
7470;Subitem;Habitação;Bens industriais;;;;Não duráveis;Comercializáveis;EX0;EX1;EX2;EX3
7471;Subitem;Habitação;Bens industriais;;;;Não duráveis;Comercializáveis;EX0;EX1;EX2;EX3
47635;Subitem;Habitação;Bens industriais;;;;Não duráveis;Comercializáveis;EX0;EX1;EX2;EX3
47636;Subitem;Habitação;Bens industriais;;;;Não duráveis;Comercializáveis;EX0;EX1;EX2;EX3
7477;Subitem;Habitação;Bens industriais;;;;Não duráveis;Comercializáveis;EX0;EX1;EX2;EX3
47637;Subitem;Habitação;Bens industriais;;;;Não duráveis;Comercializáveis;EX0;EX1;EX2;EX3
7479;Subgrupo;Habitação;;;;;;;;;;
7480;Item;Habitação;;;;;;;;;;
7481;Subitem;Habitação;Bens industriais;;;;Não duráveis;Não comercializáveis;EX0;;EX2;EX3
7482;Subitem;Habitação;Monitorados;;;;;Comercializáveis;;;;
7483;Subitem;Habitação;Monitorados;;;;;Comercializáveis;;;;
7484;Item;Habitação;Monitorados;;;;;Comercializáveis;;;;
7485;Subitem;Habitação;Monitorados;;;;;Comercializáveis;;;;
7486;Grupo;Artigos de residência;;;;;;;;;;
7487;Subgrupo;Artigos de residência;;;;;;;;;;
7488;Item;Artigos de residência;Bens industriais;;;;Duráveis;;;EX1;EX2;EX3
7489;Subitem;Artigos de residência;Bens industriais;;;;Duráveis;Comercializáveis;EX0;EX1;EX2;EX3
7490;Subitem;Artigos de residência;Bens industriais;;;;Duráveis;Comercializáveis;EX0;EX1;EX2;EX3
7492;Subitem;Artigos de residência;Bens industriais;;;;Duráveis;Comercializáveis;EX0;EX1;EX2;EX3
12401;Subitem;Artigos de residência;Bens industriais;;;;Duráveis;Comercializáveis;EX0;EX1;EX2;EX3
7493;Subitem;Artigos de residência;Bens industriais;;;;Duráveis;Comercializáveis;EX0;EX1;EX2;EX3
7495;Item;Artigos de residência;;;;;;Comercializáveis;;EX1;EX2;EX3
47638;Subitem;Artigos de residência;Bens industriais;;;;Duráveis;Comercializáveis;EX0;EX1;EX2;EX3
7497;Subitem;Artigos de residência;Bens industriais;;;;Duráveis;Comercializáveis;EX0;EX1;EX2;EX3
7498;Subitem;Artigos de residência;Bens industriais;;;;Semi-duráveis;Comercializáveis;EX0;EX1;EX2;EX3
12402;Subitem;Artigos de residência;Bens industriais;;;;Semi-duráveis;Comercializáveis;EX0;EX1;EX2;EX3
12403;Subitem;Artigos de residência;Bens industriais;;;;Semi-duráveis;Comercializáveis;EX0;EX1;EX2;EX3
107645;Subitem;Artigos de residência;Bens industriais;;;;Semi-duráveis;Comercializáveis;EX0;EX1;EX2;EX3
7508;Subitem;Artigos de residência;Bens industriais;;;;Não duráveis;Comercializáveis;EX0;EX1;EX2;EX3
47639;Subitem;Artigos de residência;Bens industriais;;;;Semi-duráveis;Comercializáveis;EX0;EX1;EX2;EX3
7517;Item;Artigos de residência;Bens industriais;;;;Semi-duráveis;Comercializáveis;;EX1;EX2;EX3
7518;Subitem;Artigos de residência;Bens industriais;;;;Semi-duráveis;Comercializáveis;EX0;EX1;EX2;EX3
7520;Subitem;Artigos de residência;Bens industriais;;;;Semi-duráveis;Comercializáveis;EX0;EX1;EX2;EX3
7521;Subgrupo;Artigos de residência;;;;;;Comercializáveis;;;;
7522;Item;Artigos de residência;;;;;;Comercializáveis;;EX1;;
7523;Subitem;Artigos de residência;Bens industriais;;;;Duráveis;Comercializáveis;EX0;EX1;;
12434;Subitem;Artigos de residência;Bens industriais;;;;Duráveis;Comercializáveis;EX0;EX1;;
7526;Subitem;Artigos de residência;Bens industriais;;;;Duráveis;Comercializáveis;EX0;EX1;;
7530;Subitem;Artigos de residência;Bens industriais;;;;Semi-duráveis;Comercializáveis;EX0;EX1;;
7531;Subitem;Artigos de residência;Bens industriais;;;;Duráveis;Comercializáveis;EX0;EX1;;
7539;Subitem;Artigos de residência;Bens industriais;;;;Duráveis;Comercializáveis;EX0;EX1;;
7541;Item;Artigos de residência;;;;;;Comercializáveis;;EX1;;
7542;Subitem;Artigos de residência;Bens industriais;;;;Duráveis;Comercializáveis;EX0;EX1;;
7543;Subitem;Artigos de residência;Bens industriais;;;;Duráveis;Comercializáveis;EX0;EX1;;
47640;Subitem;Artigos de residência;Bens industriais;;;;Semi-duráveis;Comercializáveis;EX0;EX1;;
47641;Subitem;Artigos de residência;Bens industriais;;;;Duráveis;Comercializáveis;EX0;EX1;;
7548;Subgrupo;Artigos de residência;Serviços;;Subjacente;Serviços diversos;;Não comercializáveis;;;;
7549;Item;Artigos de residência;Serviços;;Subjacente;Serviços diversos;;Não comercializáveis;;EX1;EX2;EX3
12405;Subitem;Artigos de residência;Serviços;;Subjacente;Serviços diversos;;Não comercializáveis;EX0;EX1;EX2;EX3
107648;Subitem;Artigos de residência;Serviços;;Subjacente;Serviços diversos;;Não comercializáveis;EX0;EX1;EX2;EX3
12406;Subitem;Artigos de residência;Serviços;;Subjacente;Serviços diversos;;Não comercializáveis;EX0;EX1;EX2;EX3
7555;Subitem;Artigos de residência;Serviços;;Subjacente;Serviços diversos;;Não comercializáveis;EX0;EX1;EX2;EX3
47642;Subitem;Artigos de residência;Serviços;;Subjacente;Serviços diversos;;Não comercializáveis;EX0;EX1;EX2;EX3
47643;Subitem;Artigos de residência;Serviços;;Subjacente;Serviços diversos;;Não comercializáveis;EX0;EX1;EX2;EX3
7558;Grupo;Vestuário;;;;;;Comercializáveis;;;;
7559;Subgrupo;Vestuário;Bens industriais;;;;Semi-duráveis;Comercializáveis;;;;
7560;Item;Vestuário;Bens industriais;;;;Semi-duráveis;Comercializáveis;;EX1;EX2;EX3
7561;Subitem;Vestuário;Bens industriais;;;;Semi-duráveis;Comercializáveis;EX0;EX1;EX2;EX3
7563;Subitem;Vestuário;Bens industriais;;;;Semi-duráveis;Comercializáveis;EX0;EX1;EX2;EX3
47644;Subitem;Vestuário;Bens industriais;;;;Semi-duráveis;Comercializáveis;EX0;EX1;EX2;EX3
7565;Subitem;Vestuário;Bens industriais;;;;Semi-duráveis;Comercializáveis;EX0;EX1;EX2;EX3
107649;Subitem;Vestuário;Bens industriais;;;;Semi-duráveis;Comercializáveis;EX0;EX1;EX2;EX3
7572;Item;Vestuário;Bens industriais;;;;Semi-duráveis;Comercializáveis;;EX1;EX2;EX3
7573;Subitem;Vestuário;Bens industriais;;;;Semi-duráveis;Comercializáveis;EX0;EX1;EX2;EX3
7574;Subitem;Vestuário;Bens industriais;;;;Semi-duráveis;Comercializáveis;EX0;EX1;EX2;EX3
7575;Subitem;Vestuário;Bens industriais;;;;Semi-duráveis;Comercializáveis;EX0;EX1;EX2;EX3
7576;Subitem;Vestuário;Bens industriais;;;;Semi-duráveis;Comercializáveis;EX0;EX1;EX2;EX3
7577;Subitem;Vestuário;Bens industriais;;;;Semi-duráveis;Comercializáveis;EX0;EX1;EX2;EX3
7579;Subitem;Vestuário;Bens industriais;;;;Semi-duráveis;Comercializáveis;EX0;EX1;EX2;EX3
47645;Subitem;Vestuário;Bens industriais;;;;Semi-duráveis;Comercializáveis;EX0;EX1;EX2;EX3
7587;Item;Vestuário;Bens industriais;;;;Semi-duráveis;Comercializáveis;;EX1;EX2;EX3
12408;Subitem;Vestuário;Bens industriais;;;;Semi-duráveis;Comercializáveis;EX0;EX1;EX2;EX3
7589;Subitem;Vestuário;Bens industriais;;;;Semi-duráveis;Comercializáveis;EX0;EX1;EX2;EX3
7590;Subitem;Vestuário;Bens industriais;;;;Semi-duráveis;Comercializáveis;EX0;EX1;EX2;EX3
7591;Subitem;Vestuário;Bens industriais;;;;Semi-duráveis;Comercializáveis;EX0;EX1;EX2;EX3
47646;Subitem;Vestuário;Bens industriais;;;;Semi-duráveis;Comercializáveis;EX0;EX1;EX2;EX3
107650;Subitem;Vestuário;Bens industriais;;;;Semi-duráveis;Comercializáveis;EX0;EX1;EX2;EX3
12409;Subitem;Vestuário;Bens industriais;;;;Semi-duráveis;Comercializáveis;EX0;EX1;EX2;EX3
7604;Subgrupo;Vestuário;Bens industriais;;;;Semi-duráveis;Comercializáveis;;;;
7605;Item;Vestuário;Bens industriais;;;;Semi-duráveis;Comercializáveis;;EX1;EX2;EX3
7606;Subitem;Vestuário;Bens industriais;;;;Semi-duráveis;Comercializáveis;EX0;EX1;EX2;EX3
7607;Subitem;Vestuário;Bens industriais;;;;Semi-duráveis;Comercializáveis;EX0;EX1;EX2;EX3
7608;Subitem;Vestuário;Bens industriais;;;;Semi-duráveis;Comercializáveis;EX0;EX1;EX2;EX3
107652;Subitem;Vestuário;Bens industriais;;;;Semi-duráveis;Comercializáveis;EX0;EX1;EX2;EX3
47647;Subitem;Vestuário;Bens industriais;;;;Semi-duráveis;Comercializáveis;EX0;EX1;EX2;EX3
7614;Subitem;Vestuário;Bens industriais;;;;Semi-duráveis;Comercializáveis;EX0;EX1;EX2;EX3
47648;Subitem;Vestuário;Bens industriais;;;;Semi-duráveis;Comercializáveis;EX0;EX1;EX2;EX3
7615;Subgrupo;Vestuário;Bens industriais;;;;Duráveis;Comercializáveis;;;;
7616;Item;Vestuário;Bens industriais;;;;Duráveis;Comercializáveis;;EX1;EX2;EX3
7617;Subitem;Vestuário;Bens industriais;;;;Duráveis;Comercializáveis;EX0;EX1;EX2;EX3
7618;Subitem;Vestuário;Bens industriais;;;;Duráveis;Comercializáveis;EX0;EX1;EX2;EX3
7619;Subitem;Vestuário;Bens industriais;;;;Duráveis;Comercializáveis;EX0;EX1;EX2;EX3
7620;Subgrupo;Vestuário;Bens industriais;;;;Semi-duráveis;Comercializáveis;;;;
7621;Item;Vestuário;Bens industriais;;;;Semi-duráveis;Comercializáveis;;EX1;EX2;EX3
7622;Subitem;Vestuário;Bens industriais;;;;Semi-duráveis;Comercializáveis;EX0;EX1;EX2;EX3
7623;Subitem;Vestuário;Bens industriais;;;;Semi-duráveis;Comercializáveis;EX0;EX1;EX2;EX3
7625;Grupo;Transportes;;;;;;;;;;
7626;Subgrupo;Transportes;;;;;;;;;;
7627;Item;Transportes;;;;;;;;EX1;;
7628;Subitem;Transportes;Monitorados;;;;;Comercializáveis;;EX1;;
7629;Subitem;Transportes;Monitorados;;;;;Comercializáveis;;EX1;;
7630;Subitem;Transportes;Monitorados;;;;;Comercializáveis;;EX1;;
7631;Subitem;Transportes;Monitorados;;;;;Comercializáveis;;EX1;;
7632;Subitem;Transportes;Monitorados;;;;;Comercializáveis;;EX1;;
7634;Subitem;Transportes;Serviços;;Ex-Subjacente;A. Fora e Pass. Aéreas;;Não comercializáveis;EX0;EX1;;
7635;Subitem;Transportes;Monitorados;;;;;Comercializáveis;;EX1;;
7639;Subitem;Transportes;Serviços;;Subjacente;Serviços diversos;;Não comercializáveis;EX0;EX1;EX2;EX3
47649;Subitem;Transportes;Serviços;;Ex-Subjacente;Serviços diversos;;Não comercializáveis;EX0;EX1;;
47650;Subitem;Transportes;Monitorados;;;;;Comercializáveis;;EX1;;
7640;Item;Transportes;;;;;;;;EX1;;
7641;Subitem;Transportes;Bens industriais;;;;Duráveis;Comercializáveis;EX0;EX1;;
7642;Subitem;Transportes;Monitorados;;;;;Comercializáveis;;EX1;;
7643;Subitem;Transportes;Serviços;;Subjacente;Serviços diversos;;Não comercializáveis;EX0;EX1;EX2;EX3
107653;Subitem;Transportes;Monitorados;;;;;Comercializáveis;;EX1;;
7644;Subitem;Transportes;Bens industriais;;;;Não duráveis;Comercializáveis;EX0;EX1;EX2;EX3
7645;Subitem;Transportes;Bens industriais;;;;Semi-duráveis;Comercializáveis;EX0;EX1;EX2;EX3
12411;Subitem;Transportes;Bens industriais;;;;Semi-duráveis;Comercializáveis;EX0;EX1;EX2;EX3
7647;Subitem;Transportes;Serviços;;Subjacente;Serviços diversos;;Não comercializáveis;EX0;EX1;EX2;EX3
7648;Subitem;Transportes;Serviços;;Subjacente;Serviços diversos;;Não comercializáveis;EX0;EX1;EX2;EX3
7649;Subitem;Transportes;Monitorados;;;;;Comercializáveis;;EX1;;
107654;Subitem;Transportes;Bens industriais;;;;Duráveis;Não comercializáveis;EX0;EX1;;
7653;Subitem;Transportes;Serviços;;Subjacente;Serviços diversos;;Não comercializáveis;EX0;EX1;EX2;EX3
107656;Subitem;Transportes;Serviços;;Subjacente;Serviços diversos;;Não comercializáveis;EX0;EX1;EX2;EX3
7654;Subitem;Transportes;Bens industriais;;;;Duráveis;Comercializáveis;EX0;EX1;EX2;EX3
7656;Item;Transportes;;;;;;;;;;
7657;Subitem;Transportes;Monitorados;;;;;Comercializáveis;;;;
7658;Subitem;Transportes;Bens industriais;;;;Não duráveis;Comercializáveis;EX0;;;
7659;Subitem;Transportes;Monitorados;;;;;Comercializáveis;;;;
107657;Subitem;Transportes;Monitorados;;;;;Comercializáveis;;;;
7660;Grupo;Saúde e cuidados pessoais;;;;;;;;;;
7661;Subgrupo;Saúde e cuidados pessoais;;;;;;;;;;
7662;Item;Saúde e cuidados pessoais;Monitorados;;;;;;;EX1;;
7663;Subitem;Saúde e cuidados pessoais;Monitorados;;;;;Comercializáveis;;EX1;;
7664;Subitem;Saúde e cuidados pessoais;Monitorados;;;;;Comercializáveis;;EX1;;
7665;Subitem;Saúde e cuidados pessoais;Monitorados;;;;;Comercializáveis;;EX1;;
7666;Subitem;Saúde e cuidados pessoais;Monitorados;;;;;Comercializáveis;;EX1;;
12412;Subitem;Saúde e cuidados pessoais;Monitorados;;;;;Comercializáveis;;EX1;;
7669;Subitem;Saúde e cuidados pessoais;Monitorados;;;;;Comercializáveis;;EX1;;
7670;Subitem;Saúde e cuidados pessoais;Monitorados;;;;;Comercializáveis;;EX1;;
7671;Subitem;Saúde e cuidados pessoais;Monitorados;;;;;Comercializáveis;;EX1;;
47651;Subitem;Saúde e cuidados pessoais;Monitorados;;;;;Comercializáveis;;EX1;;
7673;Subitem;Saúde e cuidados pessoais;Monitorados;;;;;Comercializáveis;;EX1;;
7674;Subitem;Saúde e cuidados pessoais;Monitorados;;;;;Comercializáveis;;EX1;;
107659;Subitem;Saúde e cuidados pessoais;Monitorados;;;;;Comercializáveis;;EX1;;
7677;Subitem;Saúde e cuidados pessoais;Monitorados;;;;;Comercializáveis;;EX1;;
47652;Subitem;Saúde e cuidados pessoais;Monitorados;;;;;Comercializáveis;;EX1;;
109464;Item;Saúde e cuidados pessoais;;;;;;;;EX1;EX2;EX3
47653;Subitem;Saúde e cuidados pessoais;Bens industriais;;;;Duráveis;Comercializáveis;EX0;EX1;EX2;EX3
7683;Subgrupo;Saúde e cuidados pessoais;;;;;;;;;;
7684;Item;Saúde e cuidados pessoais;Serviços;;Subjacente;Serviços diversos;;Não comercializáveis;;EX1;EX2;EX3
7685;Subitem;Saúde e cuidados pessoais;Serviços;;Subjacente;Intensivos em trabalho;;Não comercializáveis;EX0;EX1;EX2;EX3
7686;Subitem;Saúde e cuidados pessoais;Serviços;;Subjacente;Intensivos em trabalho;;Não comercializáveis;EX0;EX1;EX2;EX3
12414;Subitem;Saúde e cuidados pessoais;Serviços;;Subjacente;Serviços diversos;;Não comercializáveis;EX0;EX1;EX2;EX3
12435;Subitem;Saúde e cuidados pessoais;Serviços;;Subjacente;Intensivos em trabalho;;Não comercializáveis;EX0;EX1;EX2;EX3
12436;Subitem;Saúde e cuidados pessoais;Serviços;;Subjacente;Intensivos em trabalho;;Não comercializáveis;EX0;EX1;EX2;EX3
7690;Item;Saúde e cuidados pessoais;Serviços;;Subjacente;Serviços diversos;;Não comercializáveis;;EX1;EX2;EX3
7691;Subitem;Saúde e cuidados pessoais;Serviços;;Subjacente;Serviços diversos;;Não comercializáveis;EX0;EX1;EX2;EX3
7692;Subitem;Saúde e cuidados pessoais;Serviços;;Subjacente;Serviços diversos;;Não comercializáveis;EX0;EX1;EX2;EX3
12416;Subitem;Saúde e cuidados pessoais;Serviços;;Subjacente;Serviços diversos;;Não comercializáveis;EX0;EX1;EX2;EX3
7695;Item;Saúde e cuidados pessoais;Monitorados;;;;;;;EX1;;
7696;Subitem;Saúde e cuidados pessoais;Monitorados;;;;;Comercializáveis;;EX1;;
7697;Subgrupo;Saúde e cuidados pessoais;;;;;;;;;;
7698;Item;Saúde e cuidados pessoais;Bens industriais;;;;Não duráveis;Comercializáveis;;EX1;EX2;EX3
7699;Subitem;Saúde e cuidados pessoais;Bens industriais;;;;;Comercializáveis;EX0;EX1;EX2;EX3
12420;Subitem;Saúde e cuidados pessoais;Bens industriais;;;;;Comercializáveis;EX0;EX1;EX2;EX3
101642;Subitem;Saúde e cuidados pessoais;Bens industriais;;;;;Comercializáveis;EX0;EX1;EX2;EX3
101644;Subitem;Saúde e cuidados pessoais;Bens industriais;;;;;Comercializáveis;EX0;EX1;EX2;EX3
107661;Subitem;Saúde e cuidados pessoais;Bens industriais;;;;;Comercializáveis;EX0;EX1;EX2;EX3
7703;Subitem;Saúde e cuidados pessoais;Bens industriais;;;;;Comercializáveis;EX0;EX1;EX2;EX3
7704;Subitem;Saúde e cuidados pessoais;Bens industriais;;;;;Comercializáveis;EX0;EX1;EX2;EX3
7707;Subitem;Saúde e cuidados pessoais;Bens industriais;;;;;Comercializáveis;EX0;EX1;EX2;EX3
7708;Subitem;Saúde e cuidados pessoais;Bens industriais;;;;;Comercializáveis;EX0;EX1;EX2;EX3
7709;Subitem;Saúde e cuidados pessoais;Bens industriais;;;;;Comercializáveis;EX0;EX1;EX2;EX3
7710;Subitem;Saúde e cuidados pessoais;Bens industriais;;;;;Comercializáveis;EX0;EX1;EX2;EX3
7711;Subitem;Saúde e cuidados pessoais;Bens industriais;;;;;Comercializáveis;EX0;EX1;EX2;EX3
7712;Grupo;Despesas pessoais;;;;;;;;;;
7713;Subgrupo;Despesas pessoais;;;;;;;;;;
7714;Item;Despesas pessoais;;;;;;;;EX1;;
7715;Subitem;Despesas pessoais;Serviços;;Subjacente;Intensivos em trabalho;;Não comercializáveis;EX0;EX1;EX2;EX3
12421;Subitem;Despesas pessoais;Serviços;;Subjacente;Intensivos em trabalho;;Não comercializáveis;EX0;EX1;EX2;EX3
7720;Subitem;Despesas pessoais;Serviços;;Ex-Subjacente;Intensivos em trabalho;;Não comercializáveis;EX0;EX1;;
47654;Subitem;Despesas pessoais;Serviços;;Subjacente;Intensivos em trabalho;;Não comercializáveis;EX0;EX1;EX2;EX3
7721;Subitem;Despesas pessoais;Serviços;;Subjacente;Serviços diversos;;Não comercializáveis;EX0;EX1;EX2;EX3
7723;Subitem;Despesas pessoais;Monitorados;;;;;Comercializáveis;;EX1;;
7724;Subitem;Despesas pessoais;Serviços;;Subjacente;Serviços diversos;;Não comercializáveis;EX0;EX1;EX2;EX3
7727;Subitem;Despesas pessoais;Serviços;;Subjacente;Serviços diversos;;Não comercializáveis;EX0;EX1;EX2;EX3
7728;Subitem;Despesas pessoais;Monitorados;;;;;Comercializáveis;;EX1;;
47655;Subitem;Despesas pessoais;Serviços;;Subjacente;Serviços diversos;;Não comercializáveis;EX0;EX1;EX2;EX3
47656;Subgrupo;Despesas pessoais;;;;;;;;;;
7730;Item;Despesas pessoais;;;;;;;;EX1;;
7733;Subitem;Despesas pessoais;Serviços;;Subjacente;Serviços diversos;;Não comercializáveis;EX0;EX1;EX2;EX3
7735;Subitem;Despesas pessoais;Bens industriais;;;;Duráveis;Comercializáveis;EX0;EX1;EX2;EX3
47657;Subitem;Despesas pessoais;Serviços;;Subjacente;Serviços diversos;;Não comercializáveis;EX0;EX1;EX2;EX3
7736;Subitem;Despesas pessoais;Bens industriais;;;;Duráveis;Comercializáveis;EX0;EX1;EX2;EX3
107666;Subitem;Despesas pessoais;Bens industriais;;;;Não duráveis;Não comercializáveis;EX0;EX1;EX2;EX3
7738;Subitem;Despesas pessoais;Bens industriais;;;;Semi-duráveis;Comercializáveis;EX0;EX1;EX2;EX3
47658;Subitem;Despesas pessoais;Serviços;;Subjacente;Serviços diversos;;Não comercializáveis;EX0;EX1;EX2;EX3
107668;Subitem;Despesas pessoais;Monitorados;;;;;Comercializáveis;;EX1;;
7746;Subitem;Despesas pessoais;Bens industriais;;;;Semi-duráveis;Comercializáveis;EX0;EX1;EX2;EX3
47659;Subitem;Despesas pessoais;Serviços;;Ex-Subjacente;Serviços diversos;;Não comercializáveis;EX0;EX1;;
47660;Subitem;Despesas pessoais;Serviços;;Ex-Subjacente;Serviços diversos;;Não comercializáveis;EX0;EX1;;
47661;Subitem;Despesas pessoais;Serviços;;Subjacente;Serviços diversos;;Não comercializáveis;EX0;EX1;EX2;EX3
47662;Subitem;Despesas pessoais;Serviços;;Subjacente;Serviços diversos;;Não comercializáveis;EX0;EX1;EX2;EX3
7758;Item;Despesas pessoais;;;;;;;;EX1;;
7759;Subitem;Despesas pessoais;Bens industriais;;;;Não duráveis;Comercializáveis;EX0;EX1;;
7766;Grupo;Educação;;;;;;;;;;
7767;Subgrupo;Educação;;;;;;;;;;
12427;Item;Educação;Serviços;;Ex-Subjacente;Serviços diversos;;Não comercializáveis;;EX1;;
7769;Subitem;Educação;Serviços;;Ex-Subjacente;Serviços diversos;;Não comercializáveis;EX0;EX1;;
47663;Subitem;Educação;Serviços;;Ex-Subjacente;Serviços diversos;;Não comercializáveis;EX0;EX1;;
107671;Subitem;Educação;Serviços;;Ex-Subjacente;Serviços diversos;;Não comercializáveis;EX0;EX1;;
107672;Subitem;Educação;Serviços;;Ex-Subjacente;Serviços diversos;;Não comercializáveis;EX0;EX1;;
107673;Subitem;Educação;Serviços;;Ex-Subjacente;Serviços diversos;;Não comercializáveis;EX0;EX1;;
107674;Subitem;Educação;Serviços;;Ex-Subjacente;Serviços diversos;;Não comercializáveis;EX0;EX1;;
47664;Subitem;Educação;Serviços;;Ex-Subjacente;Serviços diversos;;Não comercializáveis;EX0;EX1;;
47665;Subitem;Educação;Serviços;;Ex-Subjacente;Serviços diversos;;Não comercializáveis;EX0;EX1;;
7777;Item;Educação;;;;;;Não comercializáveis;;EX1;EX2;EX3
7778;Subitem;Educação;Bens industriais;;;;Não duráveis;Não comercializáveis;EX0;EX1;EX2;EX3
107676;Subitem;Educação;Bens industriais;;;;Não duráveis;Não comercializáveis;EX0;EX1;EX2;EX3
47666;Subitem;Educação;Bens industriais;;;;Semi-duráveis;Não comercializáveis;EX0;EX1;EX2;EX3
47667;Subitem;Educação;Bens industriais;;;;Semi-duráveis;Não comercializáveis;EX0;EX1;EX2;EX3
7782;Item;Educação;;;;;;Comercializáveis;;EX1;EX2;EX3
7783;Subitem;Educação;Bens industriais;;;;Não duráveis;Comercializáveis;EX0;EX1;EX2;EX3
7785;Subitem;Educação;Bens industriais;;;;Não duráveis;Comercializáveis;EX0;EX1;EX2;EX3
107678;Item;Educação;Serviços;;Ex-Subjacente;Serviços diversos;;Não comercializáveis;;EX1;;
107679;Subitem;Educação;Serviços;;Ex-Subjacente;Serviços diversos;;Não comercializáveis;EX0;EX1;;
107681;Subitem;Educação;Serviços;;Ex-Subjacente;Serviços diversos;;Não comercializáveis;EX0;EX1;;
107682;Subitem;Educação;Serviços;;Ex-Subjacente;Serviços diversos;;Não comercializáveis;EX0;EX1;;
107683;Subitem;Educação;Serviços;;Ex-Subjacente;Serviços diversos;;Não comercializáveis;EX0;EX1;;
12428;Subitem;Educação;Serviços;;Ex-Subjacente;Serviços diversos;;Não comercializáveis;EX0;EX1;;
7786;Grupo;Comunicação;;;;;;;;;;
7787;Subgrupo;Comunicação;;;;;;;;;;
7788;Item;Comunicação;;;;;;;;EX1;;
7789;Subitem;Comunicação;Monitorados;;;;;Comercializáveis;;EX1;;
47668;Subitem;Comunicação;Monitorados;;;;;Comercializáveis;;EX1;;
47669;Subitem;Comunicação;Serviços;;Ex-Subjacente;Serviços diversos;;Não comercializáveis;EX0;EX1;;
47670;Subitem;Comunicação;Serviços;;Ex-Subjacente;Serviços diversos;;Não comercializáveis;EX0;EX1;;
107688;Subitem;Comunicação;Serviços;;Ex-Subjacente;Serviços diversos;;Não comercializáveis;EX0;EX1;;
7794;Subitem;Comunicação;Bens industriais;;;;Duráveis;Comercializáveis;EX0;EX1;EX2;EX3
47671;Subitem;Comunicação;Serviços;;Ex-Subjacente;Serviços diversos;;Não comercializáveis;EX0;EX1;;
47672;Subitem;Comunicação;Serviços;;Ex-Subjacente;Serviços diversos;;Não comercializáveis;EX0;EX1;;
